demographic,condition,n_departments,mean_pct_from_database,std_pct_from_database,total_matched_speakers,total_demo_speakers,pct_depts_with_any_match,mean_demo_in_database
female,treatment,259,0.4761904761904761,4.271746238043,4,416,1.5444015444015444,0.0
female,control,271,0.0,0.0,0,361,0.0,0.0
URM,treatment,259,3.120978120978121,15.945912619606608,12,174,4.633204633204633,31.455598455598455
URM,control,271,2.029520295202952,12.128493719027428,9,148,3.3210332103321036,30.900369003690038
Black,treatment,259,2.5096525096525095,15.359859832199934,7,60,2.7027027027027026,14.656370656370656
Black,control,271,0.7380073800738007,8.574812064452844,2,42,0.7380073800738007,14.07380073800738
Hispanic,treatment,259,0.0,0.0,0,0,0.0,16.7992277992278
Hispanic,control,271,0.0,0.0,0,0,0.0,16.826568265682656
