metric,treatment_mean,treatment_std,control_mean,control_std,difference_pp,relative_pct,p_value
All speakers,0.25140932921650766,1.4441205291959482,0.29518902722997675,2.202775887910099,-0.04377969801346909,-14.831072287575605,0.6339743479665774
URM speakers,0.2260633914168091,1.3802811678181024,0.2130073384001849,2.0395972611767226,0.013056053016624186,6.129391181864021,0.8792555217364393
Black speakers,0.14745120374334128,1.1372146590005088,0.06566628371052934,0.7278772349641044,0.08178492003281194,124.54628983320713,0.08027910979258013
Hispanic speakers,0.07861218767346781,0.6993051949457952,0.14734105468965558,1.9091423558628444,-0.06872886701618777,-46.64610767240085,0.3347116437798999
Female speakers,0.0549915419114605,0.6374065933685087,0.021750396411029892,0.3260365175641862,0.03324114550043061,152.83006742614413,0.17918799615657074
