{
  "total_database_faculty": 550,
  "unique_database_matched": 115,
  "match_rate": 0.20909090909090908,
  "total_match_records": 140,
  "avg_candidates_checked": 905.1165217391305,
  "avg_top_score": 72.63826086956522,
  "by_discipline": {
    "Chemistry": {
      "total": 108,
      "matched": 31,
      "match_rate": 0.28703703703703703,
      "avg_candidates_checked": 767.8103448275862,
      "avg_top_score": 76.99137931034483
    },
    "Computer Science": {
      "total": 94,
      "matched": 6,
      "match_rate": 0.06382978723404255,
      "avg_candidates_checked": 555.531914893617,
      "avg_top_score": 65.77127659574468
    },
    "Mathematics": {
      "total": 105,
      "matched": 38,
      "match_rate": 0.3619047619047619,
      "avg_candidates_checked": 1756.3652173913044,
      "avg_top_score": 80.19130434782609
    },
    "Mechanical Engineering": {
      "total": 131,
      "matched": 10,
      "match_rate": 0.07633587786259542,
      "avg_candidates_checked": 327.5267175572519,
      "avg_top_score": 63.591603053435115
    },
    "Physics": {
      "total": 112,
      "matched": 30,
      "match_rate": 0.26785714285714285,
      "avg_candidates_checked": 1128.3025210084033,
      "avg_top_score": 76.47899159663865
    }
  },
  "by_race": {
    "Hispanic": {
      "total": 280,
      "matched": 64,
      "match_rate": 0.22857142857142856
    },
    "Black": {
      "total": 268,
      "matched": 51,
      "match_rate": 0.19029850746268656
    },
    "Native American": {
      "total": 2,
      "matched": 0,
      "match_rate": 0.0
    }
  },
  "by_confidence": {
    "high": 118,
    "medium": 21,
    "low": 1
  },
  "unique_speakers_matched": 137,
  "non_match_score_distribution": {
    "mean": 65.2264367816092,
    "median": 64.0,
    "max": 90.0,
    "min": 47.0
  }
}