{
  "speakers_from_peers": {
    "treatment_total": 2507,
    "control_total": 2458,
    "treatment_percent_of_all": 0.22282463780997244,
    "control_percent_of_all": 0.2062599647562306
  },
  "database_usage_rates": {
    "percent_of_all_speakers": {
      "treatment": 0.0011590002603051506,
      "control": 0.0009756435211272579
    },
    "percent_of_peer_speakers": {
      "treatment": 0.005220920726153092,
      "control": 0.00550184700227145,
      "p_value": 0.9211912912187158
    }
  },
  "binary_used_database": {
    "treatment": 0.06028368794326241,
    "control": 0.04895104895104895
  },
  "black_speakers": {
    "from_peers_treatment": 61,
    "from_peers_control": 44,
    "from_database_treatment": 10,
    "from_database_control": 3
  }
}