{
  "sample_size": {
    "total_seminars": 1656,
    "treatment": 811,
    "control": 845
  },
  "database_usage": {
    "treatment_departments": 49,
    "control_departments": 54,
    "treatment_rate": 0.06041923551171394,
    "control_rate": 0.06390532544378698,
    "p_value": NaN
  },
  "black_speaker_effect": {
    "treatment_proportion": 0.026414564351104418,
    "control_proportion": 0.019182846851383602,
    "absolute_difference": 0.007231717499720815,
    "relative_increase": 0.3769887522820531,
    "t_statistic": 2.468741642069183,
    "p_value": 0.01365934635571632
  },
  "black_speaker_decomposition": {
    "total_increase": 61,
    "increase_from_database": 5,
    "percent_from_database": 0.08196721311475409,
    "percent_from_other": 0.9180327868852459
  },
  "urm_speaker_effect": {
    "treatment_proportion": 0.08397020638906305,
    "control_proportion": 0.07566970130066882,
    "absolute_difference": 0.008300505088394236,
    "t_statistic": 1.4713946788573316,
    "p_value": 0.1413746365925892
  }
}